id,seed,iteration,stage,group,market,rel. loss0,rel. loss1,agent_0_prices,agent_1_prices,agent_platform_welfare,agent_consumer_welfare,agent_social_welfare,agent_0_installed_base,agent_1_installed_base,agent_0_installed_base_both,agent_0_demand,agent_1_demand,agent_outside_split,agent_platform0_split,agent_platform1_split,agent_both_split,agent_0_retention,agent_1_retention,agent_55_tip_demand,agent_60_tip_demand,agent_70_tip_demand,agent_80_tip_demand,agent_55_tip_base,agent_60_tip_base,agent_70_tip_base,agent_80_tip_base
C_0,0,2000,0,0,all,-0.12391806720502418,-0.20042946860003608,0.36587175726890564,0.5264603495597839,-0.1292066127061844,2.0606625080108643,1.9314558506011963,0.5099999904632568,0.49000000953674316,0.0,1.0,0.1860000044107437,0.0,0.8140000104904175,0.0,0.1860000044107437,,,,,,,,,,
C_0,0,2000,1,0,all,-0.12391806720502418,-0.20042946860003608,0.5952268242835999,0.4843437671661377,0.0843602865934372,1.5134780406951904,1.597838282585144,0.7549999952316284,0.33799999952316284,0.09300000220537186,0.9020000100135803,0.09799999743700027,0.0,0.9020000100135803,0.09799999743700027,0.0,1.0,,,,,,,,,
C_0,0,2000,2,0,all,-0.12391806720502418,-0.20042946860003608,0.922701895236969,0.6144700050354004,0.35920611023902893,1.144672155380249,1.5038782358169556,0.8285000324249268,0.21799999475479126,0.04650000110268593,0.793999969959259,0.20600000023841858,0.0,0.793999969959259,0.20600000023841858,0.0,0.8802660703659058,1.0,0.94140625,0.90234375,0.6484375,0.36328125,1.0,1.0,1.0,1.0
C_0,1,2000,0,0,all,-0.1027433171273815,-0.15374598316914612,0.36471864581108093,0.5322583317756653,-0.1297544240951538,2.042045831680298,1.912291407585144,0.5099999904632568,0.49000000953674316,0.0,1.0,0.17133332788944244,0.0,0.8286666870117188,0.0,0.17133332788944244,,,,,,,,,,
C_0,1,2000,1,0,all,-0.1027433171273815,-0.15374598316914612,0.5996643900871277,0.4897589087486267,0.09057886898517609,1.5229634046554565,1.6135423183441162,0.7549999952316284,0.3306666612625122,0.08566666394472122,0.9173333048820496,0.08266666531562805,0.0,0.9173333048820496,0.08266666531562805,0.0,1.0,,,,,,,,,
C_0,1,2000,2,0,all,-0.1027433171273815,-0.15374598316914612,0.9240784645080566,0.6080043911933899,0.3643404543399811,1.15239417552948,1.5167346000671387,0.8361666202545166,0.20666666328907013,0.04283333197236061,0.8109999895095825,0.1889999955892563,0.0,0.8109999895095825,0.1889999955892563,0.0,0.8840842843055725,1.0,0.94921875,0.91015625,0.6796875,0.38671875,1.0,1.0,1.0,1.0
C_0,2,2000,0,0,all,-0.09398978679371095,-0.09144463344621112,0.364433228969574,0.5362076163291931,-0.13013562560081482,2.015031576156616,1.884895920753479,0.5099999904632568,0.49000000953674316,0.0,1.0,0.14999999105930328,0.0,0.8499999642372131,0.0,0.14999999105930328,,,,,,,,,,
C_0,2,2000,1,0,all,-0.09398978679371095,-0.09144463344621112,0.6182940006256104,0.500590443611145,0.10989781469106674,1.5156294107437134,1.625527262687683,0.7549999952316284,0.3199999928474426,0.07499999552965164,0.9286666512489319,0.07133333384990692,0.0,0.9286666512489319,0.07133333384990692,0.0,1.0,,,,,,,,,
C_0,2,2000,2,0,all,-0.09398978679371095,-0.09144463344621112,0.9338403940200806,0.604408323764801,0.37542110681533813,1.1505544185638428,1.5259754657745361,0.8418333530426025,0.19566667079925537,0.03749999776482582,0.8226666450500488,0.17733332514762878,0.0,0.8226666450500488,0.17733332514762878,0.0,0.885857880115509,0.9999999403953552,0.97265625,0.91796875,0.7421875,0.42578125,1.0,1.0,1.0,1.0
C_0,3,2000,0,0,all,-0.09246398487552088,-0.1773554434781477,0.3646107316017151,0.5352245569229126,-0.12961244583129883,2.0324225425720215,1.9028100967407227,0.5099999904632568,0.49000000953674316,0.0,1.0,0.164000004529953,0.0,0.8359999656677246,0.0,0.164000004529953,,,,,,,,,,
C_0,3,2000,1,0,all,-0.09246398487552088,-0.1773554434781477,0.6078633666038513,0.49589022994041443,0.09879353642463684,1.5164910554885864,1.6152845621109009,0.7549999952316284,0.3270000219345093,0.0820000022649765,0.918999969959259,0.08100000023841858,0.0,0.918999969959259,0.08100000023841858,0.0,1.0,,,,,,,,,
C_0,3,2000,2,0,all,-0.09246398487552088,-0.1773554434781477,0.9273465871810913,0.6074973344802856,0.3670016825199127,1.1499922275543213,1.5169938802719116,0.8370000123977661,0.20400001108646393,0.04100000113248825,0.8113332986831665,0.1886666715145111,0.0,0.8113332986831665,0.1886666715145111,0.0,0.8828436732292175,0.9999999403953552,0.96875,0.91015625,0.7109375,0.41015625,1.0,1.0,1.0,1.0
C_0,4,2000,0,0,all,-0.08641415044946421,-0.16394307183964996,0.36586296558380127,0.5348190069198608,-0.12849634885787964,2.0287322998046875,1.900235891342163,0.5099999904632568,0.49000000953674316,0.0,1.0,0.16200000047683716,0.0,0.8379999995231628,0.0,0.16200000047683716,,,,,,,,,,
C_0,4,2000,1,0,all,-0.08641415044946421,-0.16394307183964996,0.6100268363952637,0.49527961015701294,0.10023506730794907,1.5105339288711548,1.6107690334320068,0.7549999952316284,0.32600000500679016,0.08100000023841858,0.9146666526794434,0.08533333241939545,0.0,0.9146666526794434,0.08533333241939545,0.0,1.0,,,,,,,,,
C_0,4,2000,2,0,all,-0.08641415044946421,-0.16394307183964996,0.9315560460090637,0.611142098903656,0.36939573287963867,1.1434826850891113,1.51287841796875,0.8348333239555359,0.2056666612625122,0.04050000011920929,0.8059999942779541,0.1939999908208847,0.0,0.8059999942779541,0.1939999908208847,0.0,0.8811953663825989,1.0,0.9609375,0.921875,0.71484375,0.40625,1.0,1.0,1.0,1.0
C_0,5,2000,0,0,all,-0.08628726855919822,-0.1718155580897296,0.36470410227775574,0.5369189977645874,-0.12919194996356964,2.0337209701538086,1.9045289754867554,0.5099999904632568,0.49000000953674316,0.0,1.0,0.1653333306312561,0.0,0.8346666693687439,0.0,0.1653333306312561,,,,,,,,,,
C_0,5,2000,1,0,all,-0.08628726855919822,-0.1718155580897296,0.6048758625984192,0.49617329239845276,0.09639705717563629,1.5220413208007812,1.6184383630752563,0.7549999952316284,0.32766667008399963,0.08266666531562805,0.921999990940094,0.07800000160932541,0.0,0.921999990940094,0.07800000160932541,0.0,1.0,,,,,,,,,
C_0,5,2000,2,0,all,-0.08628726855919822,-0.1718155580897296,0.9238239526748657,0.605151355266571,0.3638072609901428,1.1534461975097656,1.5172533988952637,0.8385000228881836,0.20283333957195282,0.041333332657814026,0.8116666674613953,0.18833333253860474,0.0,0.8116666674613953,0.18833333253860474,0.0,0.8803326487541199,1.0,0.9609375,0.9140625,0.6796875,0.41015625,1.0,1.0,1.0,1.0
C_0,6,2000,0,0,all,-0.08550455903320198,-0.16597430260893264,0.36455780267715454,0.5378636717796326,-0.1294344961643219,2.025391101837158,1.8959566354751587,0.5099999904632568,0.49000000953674316,0.0,1.0,0.1586666703224182,0.0,0.8413333296775818,0.0,0.1586666703224182,,,,,,,,,,
C_0,6,2000,1,0,all,-0.08550455903320198,-0.16597430260893264,0.6086665391921997,0.49780040979385376,0.10009288787841797,1.5190495252609253,1.6191424131393433,0.7549999952316284,0.3243333399295807,0.0793333351612091,0.9226666688919067,0.07733333110809326,0.0,0.9226666688919067,0.07733333110809326,0.0,1.0,,,,,,,,,
C_0,6,2000,2,0,all,-0.08550455903320198,-0.16597430260893264,0.9275415539741516,0.6063629984855652,0.366731733083725,1.149743914604187,1.5164756774902344,0.8388333320617676,0.20083333551883698,0.03966666758060455,0.8106666803359985,0.18933333456516266,0.0,0.8106666803359985,0.18933333456516266,0.0,0.8786126971244812,1.0,0.9609375,0.9140625,0.72265625,0.4140625,1.0,1.0,1.0,1.0
C_0,7,2000,0,0,all,-0.0899078376524387,-0.18218521826987,0.3650185465812683,0.5352283120155334,-0.12902787327766418,2.038295269012451,1.9092674255371094,0.5099999904632568,0.49000000953674316,0.0,1.0,0.16899999976158142,0.0,0.8309999704360962,0.0,0.16899999976158142,,,,,,,,,,
C_0,7,2000,1,0,all,-0.0899078376524387,-0.18218521826987,0.5998363494873047,0.49182841181755066,0.09112370759248734,1.5245102643966675,1.6156339645385742,0.7549999952316284,0.3295000195503235,0.08449999988079071,0.9193333387374878,0.0806666687130928,0.0,0.9193333387374878,0.0806666687130928,0.0,1.0,,,,,,,,,
C_0,7,2000,2,0,all,-0.0899078376524387,-0.18218521826987,0.9230371117591858,0.6069998145103455,0.36288467049598694,1.152815341949463,1.5156999826431274,0.8371666669845581,0.20508334040641785,0.042249999940395355,0.809666633605957,0.19033333659172058,0.0,0.809666633605957,0.19033333659172058,0.0,0.8807106614112854,0.9999999403953552,0.9609375,0.9140625,0.6796875,0.38671875,1.0,1.0,1.0,1.0
C_0,8,2000,0,0,all,-0.09724438720870054,-0.1728068007759458,0.36557868123054504,0.5292288064956665,-0.12935499846935272,2.0442440509796143,1.9148890972137451,0.5099999904632568,0.49000000953674316,0.0,1.0,0.1733333319425583,0.0,0.8266666531562805,0.0,0.1733333319425583,,,,,,,,,,
C_0,8,2000,1,0,all,-0.09724438720870054,-0.1728068007759458,0.6027768850326538,0.4886016249656677,0.09272946417331696,1.5152839422225952,1.608013391494751,0.7549999952316284,0.3316666781902313,0.08666666597127914,0.9120000004768372,0.08799999952316284,0.0,0.9120000004768372,0.08799999952316284,0.0,1.0,,,,,,,,,
C_0,8,2000,2,0,all,-0.09724438720870054,-0.1728068007759458,0.9289149045944214,0.6118811964988708,0.3652968108654022,1.1425371170043945,1.5078339576721191,0.8335000276565552,0.20983333885669708,0.04333333298563957,0.7993333339691162,0.2006666660308838,0.0,0.7993333339691162,0.2006666660308838,0.0,0.8764619827270508,1.0,0.9609375,0.9140625,0.67578125,0.37890625,1.0,1.0,1.0,1.0
C_0,9,2000,0,0,all,-0.12897086495316468,-0.22051454995201913,0.36585479974746704,0.5260573625564575,-0.12916824221611023,2.067218780517578,1.9380505084991455,0.5099999904632568,0.49000000953674316,0.0,1.0,0.19099999964237213,0.0,0.8090000152587891,0.0,0.19099999964237213,,,,,,,,,,
C_0,9,2000,1,0,all,-0.12897086495316468,-0.22051454995201913,0.5906577706336975,0.48264938592910767,0.08025296777486801,1.5192639827728271,1.5995169878005981,0.7549999952316284,0.34049999713897705,0.09549999982118607,0.9036666750907898,0.0963333323597908,0.0,0.9036666750907898,0.0963333323597908,0.0,1.0,,,,,,,,,
C_0,9,2000,2,0,all,-0.12897086495316468,-0.22051454995201913,0.9206245541572571,0.6138207912445068,0.3585479259490967,1.1480424404144287,1.5065903663635254,0.8293333053588867,0.21841666102409363,0.04774999991059303,0.7976666688919067,0.20233333110809326,0.0,0.7976666688919067,0.20233333110809326,0.0,0.8827000856399536,1.0,0.94140625,0.90234375,0.640625,0.36328125,1.0,1.0,1.0,1.0
C_1,0,2000,0,0,all,0.027701542725440897,0.0025670644690568567,0.4636562764644623,0.608532190322876,-0.007655046880245209,2.3134875297546387,2.3058323860168457,0.5099999904632568,0.49000000953674316,0.0,1.0,0.2643333375453949,0.0,0.7356666326522827,0.0,0.2643333375453949,,,,,,,,,,
C_1,0,2000,1,0,all,0.027701542725440897,0.0025670644690568567,0.6481937170028687,0.5142024755477905,0.14640717208385468,1.788904070854187,1.935311198234558,0.7549999952316284,0.3771666884422302,0.13216666877269745,0.9866666793823242,0.013333333656191826,0.0,0.9866666793823242,0.013333333656191826,0.0,1.0,,,,,,,,,
C_1,0,2000,2,0,all,0.027701542725440897,0.0025670644690568567,1.0528843402862549,0.5797122120857239,0.5066711902618408,1.297438383102417,1.8041095733642578,0.8708333373069763,0.195250004529953,0.06608333438634872,0.9023333191871643,0.0976666659116745,0.0,0.9023333191871643,0.0976666659116745,0.0,0.9145270586013794,1.0,0.99609375,0.98828125,0.89453125,0.66796875,1.0,1.0,1.0,1.0
C_1,1,2000,0,0,all,0.03123268399659218,0.014047314018891699,0.4626619219779968,0.6082754731178284,-0.008392434567213058,2.318870782852173,2.310478448867798,0.5099999904632568,0.49000000953674316,0.0,1.0,0.26733332872390747,0.0,0.7326666712760925,0.0,0.26733332872390747,,,,,,,,,,
C_1,1,2000,1,0,all,0.03123268399659218,0.014047314018891699,0.6479672193527222,0.515739381313324,0.1466449499130249,1.7943634986877441,1.941008448600769,0.7549999952316284,0.3786666691303253,0.13366666436195374,0.9900000095367432,0.009999999776482582,0.0,0.9900000095367432,0.009999999776482582,0.0,1.0,,,,,,,,,
C_1,1,2000,2,0,all,0.03123268399659218,0.014047314018891699,1.0525089502334595,0.5783311724662781,0.5096748471260071,1.3048553466796875,1.8145301342010498,0.8725000023841858,0.19433332979679108,0.06683333218097687,0.9096666574478149,0.09033333510160446,0.0,0.9096666574478149,0.09033333510160446,0.0,0.9188551902770996,1.0,0.99609375,0.9921875,0.90234375,0.6875,1.0,1.0,1.0,1.0
C_1,2,2000,0,0,all,0.04216809312085468,-0.008665520347240996,0.46225863695144653,0.6055793762207031,-0.010044373571872711,2.312788486480713,2.302744150161743,0.5099999904632568,0.49000000953674316,0.0,1.0,0.26233333349227905,0.0,0.737666666507721,0.0,0.26233333349227905,,,,,,,,,,
C_1,2,2000,1,0,all,0.04216809312085468,-0.008665520347240996,0.6564229130744934,0.5180652141571045,0.1538863629102707,1.7729519605636597,1.9268382787704468,0.7549999952316284,0.3761666715145111,0.13116666674613953,0.9816666841506958,0.018333332613110542,0.0,0.9816666841506958,0.018333332613110542,0.0,0.9999999403953552,,,,,,,,,
C_1,2,2000,2,0,all,0.04216809312085468,-0.008665520347240996,1.0545144081115723,0.5806207656860352,0.5091785788536072,1.2977544069290161,1.8069329261779785,0.8683333396911621,0.19725000858306885,0.06558333337306976,0.9043333530426025,0.09566666930913925,0.0,0.9043333530426025,0.09566666930913925,0.0,0.921222448348999,0.9999999403953552,0.99609375,0.99609375,0.90234375,0.70703125,1.0,1.0,1.0,1.0
C_1,3,2000,0,0,all,0.04465673487247146,0.025004136354807804,0.46250173449516296,0.6069227457046509,-0.009555790573358536,2.310758352279663,2.3012025356292725,0.5099999904632568,0.49000000953674316,0.0,1.0,0.26133331656455994,0.0,0.7386666536331177,0.0,0.26133331656455994,,,,,,,,,,
C_1,3,2000,1,0,all,0.04465673487247146,0.025004136354807804,0.6519580483436584,0.5162763595581055,0.15028464794158936,1.7867316007614136,1.937016248703003,0.7549999952316284,0.37566667795181274,0.13066665828227997,0.987666666507721,0.012333333492279053,0.0,0.987666666507721,0.012333333492279053,0.0,1.0,,,,,,,,,
C_1,3,2000,2,0,all,0.04465673487247146,0.025004136354807804,1.0547666549682617,0.5798019766807556,0.5093283653259277,1.2976045608520508,1.8069329261779785,0.8713333606719971,0.1940000057220459,0.06533332914113998,0.9043333530426025,0.09566666930913925,0.0,0.9043333530426025,0.09566666930913925,0.0,0.915626049041748,1.0,0.99609375,0.9921875,0.90625,0.70703125,1.0,1.0,1.0,1.0
C_1,4,2000,0,0,all,0.05024615252601883,0.0120470413482201,0.4636994004249573,0.6079158782958984,-0.008638164028525352,2.302159309387207,2.2935211658477783,0.5099999904632568,0.49000000953674316,0.0,1.0,0.2563333213329315,0.0,0.7436666488647461,0.0,0.2563333213329315,,,,,,,,,,
C_1,4,2000,1,0,all,0.05024615252601883,0.0120470413482201,0.6547849774360657,0.5154855251312256,0.1528812199831009,1.7818622589111328,1.9347435235977173,0.7549999952316284,0.37316668033599854,0.12816666066646576,0.9863333106040955,0.013666666112840176,0.0,0.9863333106040955,0.013666666112840176,0.0,1.0,,,,,,,,,
C_1,4,2000,2,0,all,0.05024615252601883,0.0120470413482201,1.057481050491333,0.5803582668304443,0.5096096992492676,1.290757179260254,1.8003668785095215,0.8706666231155396,0.19341666996479034,0.06408333033323288,0.8996666669845581,0.1003333330154419,0.0,0.8996666669845581,0.1003333330154419,0.0,0.9121325016021729,0.9999999403953552,0.99609375,0.9921875,0.8984375,0.69921875,1.0,1.0,1.0,1.0
C_1,5,2000,0,0,all,0.020653347003750322,0.011580472549560739,0.4619567394256592,0.6075913310050964,-0.008527372032403946,2.329906463623047,2.3213791847229004,0.5099999904632568,0.49000000953674316,0.0,1.0,0.27433332800865173,0.0,0.7256666421890259,0.0,0.27433332800865173,,,,,,,,,,
C_1,5,2000,1,0,all,0.020653347003750322,0.011580472549560739,0.6444203853607178,0.5164728164672852,0.14301295578479767,1.7962820529937744,1.9392950534820557,0.7549999952316284,0.38216668367385864,0.13716666400432587,0.9889999628067017,0.010999999940395355,0.0,0.9889999628067017,0.010999999940395355,0.0,1.0,,,,,,,,,
C_1,5,2000,2,0,all,0.020653347003750322,0.011580472549560739,1.0498148202896118,0.5787326097488403,0.5077314972877502,1.3082343339920044,1.8159658908843994,0.871999979019165,0.1965833455324173,0.06858333200216293,0.9106666445732117,0.08933333307504654,0.0,0.9106666445732117,0.08933333307504654,0.0,0.9207953810691833,1.0,1.0,0.9921875,0.90234375,0.69140625,1.0,1.0,1.0,1.0
C_1,6,2000,0,0,all,0.03659136366984539,-0.010294014136568608,0.4624340534210205,0.6078198552131653,-0.008670223876833916,2.3201828002929688,2.3115124702453613,0.5099999904632568,0.49000000953674316,0.0,1.0,0.2680000066757202,0.0,0.7319999933242798,0.0,0.2680000066757202,,,,,,,,,,
C_1,6,2000,1,0,all,0.03659136366984539,-0.010294014136568608,0.6486313939094543,0.5167593955993652,0.14691706001758575,1.7889620065689087,1.935879111289978,0.7549999952316284,0.3790000081062317,0.1340000033378601,0.9869999885559082,0.013000000268220901,0.0,0.9869999885559082,0.013000000268220901,0.0,1.0,,,,,,,,,
C_1,6,2000,2,0,all,0.03659136366984539,-0.010294014136568608,1.0518157482147217,0.5797509551048279,0.5075989961624146,1.302171230316162,1.8097702264785767,0.8709999918937683,0.19600000977516174,0.06700000166893005,0.906333327293396,0.09366666525602341,0.0,0.906333327293396,0.09366666525602341,0.0,0.9182708263397217,1.0,0.99609375,0.9921875,0.90625,0.6875,1.0,1.0,1.0,1.0
C_1,7,2000,0,0,all,0.032261015375564694,0.015509333950159077,0.46235191822052,0.6085024476051331,-0.00846092402935028,2.3215267658233643,2.313065767288208,0.5099999904632568,0.49000000953674316,0.0,1.0,0.26899999380111694,0.0,0.7310000061988831,0.0,0.26899999380111694,,,,,,,,,,
C_1,7,2000,1,0,all,0.032261015375564694,0.015509333950159077,0.6456989645957947,0.5157026648521423,0.14448565244674683,1.7976667881011963,1.942152500152588,0.7549999952316284,0.37950000166893005,0.13449999690055847,0.9906666278839111,0.009333333000540733,0.0,0.9906666278839111,0.009333333000540733,0.0,1.0,,,,,,,,,
C_1,7,2000,2,0,all,0.032261015375564694,0.015509333950159077,1.0508838891983032,0.577944815158844,0.5070582032203674,1.304136037826538,1.8111941814422607,0.8728333115577698,0.19441667199134827,0.06724999845027924,0.9073333144187927,0.09266666322946548,0.0,0.9073333144187927,0.09266666322946548,0.0,0.9158815741539001,1.0,1.0,0.9921875,0.90234375,0.6875,1.0,1.0,1.0,1.0
C_1,8,2000,0,0,all,0.03125488160615031,-0.013717076880948476,0.46386295557022095,0.6084212064743042,-0.007549986243247986,2.312352180480957,2.304802179336548,0.5099999904632568,0.49000000953674316,0.0,1.0,0.26366665959358215,0.0,0.7363333106040955,0.0,0.26366665959358215,,,,,,,,,,
C_1,8,2000,1,0,all,0.03125488160615031,-0.013717076880948476,0.6512042284011841,0.515002965927124,0.14907041192054749,1.7822757959365845,1.9313461780548096,0.7549999952316284,0.37683331966400146,0.13183332979679108,0.984333336353302,0.015666667371988297,0.0,0.984333336353302,0.015666667371988297,0.0,1.0,,,,,,,,,
C_1,8,2000,2,0,all,0.03125488160615031,-0.013717076880948476,1.0537389516830444,0.5799646377563477,0.5085724592208862,1.2988322973251343,1.8074047565460205,0.8696666955947876,0.19624999165534973,0.06591666489839554,0.9046666622161865,0.09533333033323288,0.0,0.9046666622161865,0.09533333033323288,0.0,0.9190653562545776,0.9999999403953552,0.99609375,0.9921875,0.8984375,0.66796875,1.0,1.0,1.0,1.0
C_1,9,2000,0,0,all,0.02839929247777928,0.027379348621643818,0.46362441778182983,0.6094012260437012,-0.00767599418759346,2.310420274734497,2.3027443885803223,0.5099999904632568,0.49000000953674316,0.0,1.0,0.26233333349227905,0.0,0.737666666507721,0.0,0.26233333349227905,,,,,,,,,,
C_1,9,2000,1,0,all,0.02839929247777928,0.027379348621643818,0.6477291584014893,0.5137342810630798,0.14621055126190186,1.7925143241882324,1.9387248754501343,0.7549999952316284,0.3761666715145111,0.13116666674613953,0.9886666536331177,0.01133333332836628,0.0,0.9886666536331177,0.01133333332836628,0.0,0.9999999403953552,,,,,,,,,
C_1,9,2000,2,0,all,0.02839929247777928,0.027379348621643818,1.0516914129257202,0.5784488320350647,0.5072066187858582,1.302089810371399,1.8092963695526123,0.871833324432373,0.19375000894069672,0.06558333337306976,0.906000018119812,0.09399999678134918,0.0,0.906000018119812,0.09399999678134918,0.0,0.9163857698440552,1.0,0.99609375,0.9921875,0.8984375,0.6796875,1.0,1.0,1.0,1.0
C_2,0,2000,0,0,all,0.2220947453799037,-0.3380034784172248,0.4779682755470276,0.4678683578968048,-0.0541633665561676,3.970830202102661,3.9166667461395264,0.5099999904632568,0.49000000953674316,0.0,1.0,1.0,0.0,0.0,0.0,1.0,,,,,,,,,,
C_2,0,2000,1,0,all,0.2220947453799037,-0.3380034784172248,0.3316240608692169,0.32571256160736084,-0.1712331473827362,1.6925525665283203,1.5213193893432617,0.7549999952316284,0.7450000047683716,0.5,0.5166666507720947,0.4833333194255829,0.0,0.5166666507720947,0.4833333194255829,0.0,,,,,,,,,,
C_2,0,2000,2,0,all,0.2220947453799037,-0.3380034784172248,0.9733478426933289,0.9569390416145325,0.46541690826416016,1.0559024810791016,1.5213193893432617,0.6358333230018616,0.6141666769981384,0.25,0.5166666507720947,0.4833333194255829,0.0,0.5166666507720947,0.4833333194255829,0.0,1.0,1.0,0.69921875,0.49609375,0.20703125,0.078125,1.0,1.0,0.0,0.0
C_2,1,2000,0,0,all,0.26415714588589767,-0.3625399282147843,0.4787655472755432,0.46591702103614807,-0.055317431688308716,3.9719841480255127,3.9166667461395264,0.5099999904632568,0.49000000953674316,0.0,1.0,1.0,0.0,0.0,0.0,1.0,,,,,,,,,,
C_2,1,2000,1,0,all,0.26415714588589767,-0.3625399282147843,0.332023948431015,0.32457438111305237,-0.17168346047401428,1.6925263404846191,1.5208429098129272,0.7549999952316284,0.7450000047683716,0.5,0.5023333430290222,0.4976666569709778,0.0,0.5023333430290222,0.4976666569709778,0.0,,,,,,,,,,
C_2,1,2000,2,0,all,0.26415714588589767,-0.3625399282147843,0.9622324705123901,0.9605579376220703,0.461399108171463,1.0594438314437866,1.5208429098129272,0.6286666393280029,0.6213333606719971,0.25,0.5023333430290222,0.4976666569709778,0.0,0.5023333430290222,0.4976666569709778,0.0,1.0,1.0,0.6875,0.49609375,0.23828125,0.0859375,1.0,1.0,0.0,0.0
C_2,2,2000,0,0,all,0.2744040126281886,-0.21517826073838675,0.47693389654159546,0.4667769968509674,-0.056289106607437134,3.9729559421539307,3.9166667461395264,0.5099999904632568,0.49000000953674316,0.0,1.0,1.0,0.0,0.0,0.0,1.0,,,,,,,,,,
C_2,2,2000,1,0,all,0.2744040126281886,-0.21517826073838675,0.3300822973251343,0.32151830196380615,-0.17409692704677582,1.6951823234558105,1.5210853815078735,0.7549999952316284,0.7450000047683716,0.5,0.5119999647140503,0.4880000054836273,0.0,0.5119999647140503,0.4880000054836273,0.0,,,,,,,,,,
C_2,2,2000,2,0,all,0.2744040126281886,-0.21517826073838675,0.9551243782043457,0.9389848709106445,0.44724828004837036,1.0738370418548584,1.521085262298584,0.6334999799728394,0.6165000200271606,0.25,0.5119999647140503,0.4880000054836273,0.0,0.5119999647140503,0.4880000054836273,0.0,1.0,1.0,0.7265625,0.49609375,0.2421875,0.1015625,1.0,1.0,0.0,0.0
C_2,3,2000,0,0,all,0.25909590873303356,-0.34919765067935193,0.47783687710762024,0.46622610092163086,-0.0559370219707489,3.9726037979125977,3.9166667461395264,0.5099999904632568,0.49000000953674316,0.0,1.0,1.0,0.0,0.0,0.0,1.0,,,,,,,,,,
C_2,3,2000,1,0,all,0.25909590873303356,-0.34919765067935193,0.33213669061660767,0.3243952691555023,-0.17170047760009766,1.6925666332244873,1.5208661556243896,0.7549999952316284,0.7450000047683716,0.5,0.5043333172798157,0.49566665291786194,0.0,0.5043333172798157,0.49566665291786194,0.0,,,,,,,,,,
C_2,3,2000,2,0,all,0.25909590873303356,-0.34919765067935193,0.9633257985115051,0.9562473893165588,0.4598172605037689,1.061048984527588,1.5208662748336792,0.6296666860580444,0.6203333139419556,0.25,0.5043333172798157,0.49566665291786194,0.0,0.5043333172798157,0.49566665291786194,0.0,1.0,0.9999999403953552,0.72265625,0.48046875,0.2421875,0.09765625,1.0,1.0,0.0,0.0
C_2,4,2000,0,0,all,0.2688302901507419,-0.22633661409643624,0.477616548538208,0.46684694290161133,-0.055536508560180664,3.972203254699707,3.9166667461395264,0.5099999904632568,0.49000000953674316,0.0,1.0,1.0,0.0,0.0,0.0,1.0,,,,,,,,,,
C_2,4,2000,1,0,all,0.2688302901507419,-0.22633661409643624,0.3290318250656128,0.3206914961338043,-0.17507994174957275,1.695999026298523,1.5209190845489502,0.7549999952316284,0.7450000047683716,0.5,0.5069999694824219,0.49300000071525574,0.0,0.5069999694824219,0.49300000071525574,0.0,,,,,,,,,,
C_2,4,2000,2,0,all,0.2688302901507419,-0.22633661409643624,0.9511341452598572,0.9400594234466553,0.4456743001937866,1.0752447843551636,1.5209190845489502,0.6309999823570251,0.6190000176429749,0.25,0.5069999694824219,0.49300000071525574,0.0,0.5069999694824219,0.49300000071525574,0.0,1.0,1.0,0.75390625,0.515625,0.23828125,0.0859375,1.0,1.0,0.0,0.0
C_2,5,2000,0,0,all,0.27876916860376544,-0.34515243405617313,0.48008856177330017,0.4632285237312317,-0.05668291449546814,3.9733495712280273,3.9166667461395264,0.5099999904632568,0.49000000953674316,0.0,1.0,1.0,0.0,0.0,0.0,1.0,,,,,,,,,,
C_2,5,2000,1,0,all,0.27876916860376544,-0.34515243405617313,0.3318457305431366,0.320878267288208,-0.1737915426492691,1.6949679851531982,1.5211764574050903,0.7549999952316284,0.7450000047683716,0.5,0.4860000014305115,0.5139999985694885,0.0,0.4860000014305115,0.5139999985694885,0.0,,,,,,,,,,
C_2,5,2000,2,0,all,0.27876916860376544,-0.34515243405617313,0.9520629644393921,0.9634960889816284,0.45793959498405457,1.0632367134094238,1.5211763381958008,0.6204999685287476,0.6295000314712524,0.25,0.4860000014305115,0.5139999985694885,0.0,0.4860000014305115,0.5139999985694885,0.0,1.0,1.0,0.7421875,0.54296875,0.2421875,0.0859375,1.0,1.0,0.0,0.0
C_2,6,2000,0,0,all,0.26290921622706,-0.26463724118803866,0.4787948429584503,0.46385568380355835,-0.05734947323799133,3.9740161895751953,3.9166667461395264,0.5099999904632568,0.49000000953674316,0.0,1.0,1.0,0.0,0.0,0.0,1.0,,,,,,,,,,
C_2,6,2000,1,0,all,0.26290921622706,-0.26463724118803866,0.33002611994743347,0.31951096653938293,-0.17536114156246185,1.6964607238769531,1.52109956741333,0.7549999952316284,0.7450000047683716,0.5,0.48766666650772095,0.512333333492279,0.0,0.48766666650772095,0.512333333492279,0.0,,,,,,,,,,
C_2,6,2000,2,0,all,0.26290921622706,-0.26463724118803866,0.9430180788040161,0.9506555795669556,0.44693103432655334,1.0741685628890991,1.52109956741333,0.6213333606719971,0.6286666393280029,0.25,0.48766666650772095,0.512333333492279,0.0,0.48766666650772095,0.512333333492279,0.0,0.9999999403953552,1.0,0.73828125,0.54296875,0.25390625,0.09765625,1.0,1.0,0.0,0.0
C_2,7,2000,0,0,all,0.2590604000268124,-0.3012207067261381,0.4810364842414856,0.46360933780670166,-0.055354177951812744,3.9720208644866943,3.9166667461395264,0.5099999904632568,0.49000000953674316,0.0,1.0,1.0,0.0,0.0,0.0,1.0,,,,,,,,,,
C_2,7,2000,1,0,all,0.2590604000268124,-0.3012207067261381,0.3313249349594116,0.32023027539253235,-0.1743777096271515,1.695554256439209,1.5211765766143799,0.7549999952316284,0.7450000047683716,0.5,0.4860000014305115,0.5139999985694885,0.0,0.4860000014305115,0.5139999985694885,0.0,,,,,,,,,,
C_2,7,2000,2,0,all,0.2590604000268124,-0.3012207067261381,0.9507356286048889,0.9622256755828857,0.4566414952278137,1.0645349025726318,1.5211763381958008,0.6204999685287476,0.6295000314712524,0.25,0.4860000014305115,0.5139999985694885,0.0,0.4860000014305115,0.5139999985694885,0.0,1.0,1.0,0.74609375,0.53515625,0.25390625,0.08984375,1.0,1.0,0.0,0.0
C_2,8,2000,0,0,all,0.2728234825700858,-0.2634263706162907,0.47728225588798523,0.4683553874492645,-0.054362356662750244,3.9710288047790527,3.9166665077209473,0.5099999904632568,0.49000000953674316,0.0,1.0,1.0,0.0,0.0,0.0,1.0,,,,,,,,,,
C_2,8,2000,1,0,all,0.2728234825700858,-0.2634263706162907,0.3298729658126831,0.3227253258228302,-0.17362698912620544,1.694647192955017,1.5210201740264893,0.7549999952316284,0.7450000047683716,0.5,0.5103332996368408,0.4896666705608368,0.0,0.5103332996368408,0.4896666705608368,0.0,,,,,,,,,,
C_2,8,2000,2,0,all,0.2728234825700858,-0.2634263706162907,0.9592885375022888,0.943830132484436,0.4517190456390381,1.0693011283874512,1.5210201740264893,0.6326666474342346,0.6173333525657654,0.25,0.5103332996368408,0.4896666705608368,0.0,0.5103332996368408,0.4896666705608368,0.0,0.9999999403953552,1.0,0.7578125,0.5,0.2265625,0.08203125,1.0,1.0,0.0,0.0
C_2,9,2000,0,0,all,0.2518678748820642,-0.44091894766578577,0.47809627652168274,0.46728336811065674,-0.05462035536766052,3.9712870121002197,3.9166667461395264,0.5099999904632568,0.49000000953674316,0.0,1.0,1.0,0.0,0.0,0.0,1.0,,,,,,,,,,
C_2,9,2000,1,0,all,0.2518678748820642,-0.44091894766578577,0.331816703081131,0.32613301277160645,-0.17098915576934814,1.6918927431106567,1.5209035873413086,0.7549999952316284,0.7450000047683716,0.5,0.5063333511352539,0.4936666488647461,0.0,0.5063333511352539,0.4936666488647461,0.0,,,,,,,,,,
C_2,9,2000,2,0,all,0.2518678748820642,-0.44091894766578577,0.9693059921264648,0.9629560708999634,0.4661712646484375,1.054732322692871,1.5209035873413086,0.6306666731834412,0.6193333268165588,0.25,0.5063333511352539,0.4936666488647461,0.0,0.5063333511352539,0.4936666488647461,0.0,1.0,1.0,0.703125,0.48828125,0.2109375,0.078125,1.0,1.0,0.0,0.0