id,seed,iteration,stage,group,market,rel. loss0,rel. loss1,agent_0_prices,agent_1_prices,agent_platform_welfare,agent_consumer_welfare,agent_social_welfare,agent_0_installed_base,agent_1_installed_base,agent_0_demand,agent_1_demand,agent_outside_split,agent_platform0_split,agent_platform1_split,agent_0_retention,agent_1_retention,agent_55_tip_demand,agent_60_tip_demand,agent_70_tip_demand,agent_80_tip_demand,agent_55_tip_base,agent_60_tip_base,agent_70_tip_base,agent_80_tip_base
0_0,0,2000,0,0,all,0.005334735944274693,-0.004278232874008525,0.7559846043586731,0.7555416822433472,0.2557653784751892,0.7650617957115173,1.0208271741867065,0.5,0.5,0.5049999952316284,0.4950000047683716,0.0,0.5049999952316284,0.4950000047683716,,,,,,,,,,
0_0,0,2000,1,0,all,0.005334735944274693,-0.004278232874008525,0.7592473030090332,0.7561482787132263,0.25770604610443115,0.7631255388259888,1.02083158493042,0.5024999976158142,0.4975000023841858,0.5026666522026062,0.4973333179950714,0.0,0.5026666522026062,0.4973333179950714,0.9953795671463013,0.9999999403953552,0.66796875,0.39453125,0.078125,0.01953125,0.0,0.0,0.0,0.0
0_0,1,2000,0,0,all,0.0037840228569541168,-0.0011591316466152968,0.7526441812515259,0.753806471824646,0.2532249093055725,0.7676084041595459,1.0208332538604736,0.5,0.5,0.500333309173584,0.49966666102409363,0.0,0.500333309173584,0.49966666102409363,,,,,,,,,,
0_0,1,2000,1,0,all,0.0037840228569541168,-0.0011591316466152968,0.7556654810905457,0.7549071311950684,0.2552853226661682,0.7655476331710815,1.0208330154418945,0.500166654586792,0.499833345413208,0.4986666738986969,0.5013333559036255,0.0,0.4986666738986969,0.5013333559036255,0.9966689348220825,1.0,0.66015625,0.39453125,0.08203125,0.0234375,0.0,0.0,0.0,0.0
0_0,2,2000,0,0,all,0.00016322196150908574,0.0026337698046365876,0.746812641620636,0.7460751533508301,0.2464495450258255,0.7743691205978394,1.0208187103271484,0.5,0.5,0.5076666474342346,0.492333322763443,0.0,0.5076666474342346,0.492333322763443,,,,,,,,,,
0_0,2,2000,1,0,all,0.00016322196150908574,0.0026337698046365876,0.7498900890350342,0.7469172477722168,0.24841061234474182,0.7724214196205139,1.0208320617675781,0.5038332939147949,0.4961666464805603,0.5023333430290222,0.4976666569709778,0.0,0.5023333430290222,0.4976666569709778,0.9894944429397583,1.0,0.7109375,0.39453125,0.09375,0.02734375,0.0,0.0,0.0,0.0
0_0,3,2000,0,0,all,0.0014630913143701685,-0.0005782765215303076,0.7538432478904724,0.7546852231025696,0.2542622685432434,0.7665697336196899,1.0208320617675781,0.5,0.5,0.5023333430290222,0.4976666569709778,0.0,0.5023333430290222,0.4976666569709778,,,,,,,,,,
0_0,3,2000,1,0,all,0.0014630913143701685,-0.0005782765215303076,0.7566197514533997,0.7561795115470886,0.2563994526863098,0.7644338607788086,1.0208332538604736,0.5011667013168335,0.4988333284854889,0.49966666102409363,0.500333309173584,0.0,0.49966666102409363,0.500333309173584,0.9946914315223694,1.0,0.6875,0.390625,0.0859375,0.0234375,0.0,0.0,0.0,0.0
0_0,4,2000,0,0,all,0.0008732581345228807,0.002183151979166409,0.7416646480560303,0.7418256402015686,0.24174454808235168,0.7790854573249817,1.0208300352096558,0.5,0.5,0.5036666393280029,0.4963333308696747,0.0,0.5036666393280029,0.4963333308696747,,,,,,,,,,
0_0,4,2000,1,0,all,0.0008732581345228807,0.002183151979166409,0.7449558973312378,0.7424985766410828,0.2437247633934021,0.7771083116531372,1.0208330154418945,0.5018333196640015,0.49816668033599854,0.4989999830722809,0.5009999871253967,0.0,0.4989999830722809,0.5009999871253967,0.9907345771789551,1.0,0.71484375,0.43359375,0.1015625,0.02734375,0.0,0.0,0.0,0.0
0_0,5,2000,0,0,all,6.302686900627741e-05,-0.0027008964016550507,0.7476364970207214,0.751889169216156,0.2497883439064026,0.7710360288619995,1.0208244323730469,0.5,0.5,0.49399998784065247,0.5059999823570251,0.0,0.49399998784065247,0.5059999823570251,,,,,,,,,,
0_0,5,2000,1,0,all,6.302686900627741e-05,-0.0027008964016550507,0.7504433989524841,0.7532281875610352,0.2518543601036072,0.7689679265022278,1.020822286605835,0.49699997901916504,0.503000020980835,0.4933333396911621,0.5066666603088379,0.0,0.4933333396911621,0.5066666603088379,0.9986504316329956,1.0,0.6875,0.41015625,0.08203125,0.01953125,0.0,0.0,0.0,0.0
0_0,6,2000,0,0,all,-0.0012714767993744491,0.0005415537197941411,0.7416113018989563,0.7450396418571472,0.24333347380161285,0.7774984836578369,1.0208319425582886,0.5,0.5,0.4976666569709778,0.5023333430290222,0.0,0.4976666569709778,0.5023333430290222,,,,,,,,,,
0_0,6,2000,1,0,all,-0.0012714767993744491,0.0005415537197941411,0.7447275519371033,0.7457181811332703,0.24523144960403442,0.7755831480026245,1.0208146572113037,0.4988333284854889,0.5011667013168335,0.49133333563804626,0.5086666345596313,0.0,0.49133333563804626,0.5086666345596313,0.9872739315032959,1.0,0.69921875,0.4140625,0.109375,0.02734375,0.0,0.0,0.0,0.0
0_0,7,2000,0,0,all,0.0049634225120717135,-0.008862294510965985,0.74452805519104,0.7484692931175232,0.24651837348937988,0.7743088006973267,1.0208271741867065,0.5,0.5,0.4950000047683716,0.5049999952316284,0.0,0.4950000047683716,0.5049999952316284,,,,,,,,,,
0_0,7,2000,1,0,all,0.0049634225120717135,-0.008862294510965985,0.7476059198379517,0.7492770552635193,0.2484520673751831,0.7723712921142578,1.020823359489441,0.4975000023841858,0.5024999976158142,0.4936666488647461,0.5063333511352539,0.0,0.4936666488647461,0.5063333511352539,0.9973063468933105,1.0,0.703125,0.40625,0.09765625,0.0234375,0.0,0.0,0.0,0.0
0_0,8,2000,0,0,all,0.001422462727411311,-0.00024667519950272165,0.7460746169090271,0.7451410293579102,0.24561093747615814,0.7752196788787842,1.0208306312561035,0.5,0.5,0.503333330154419,0.49666666984558105,0.0,0.503333330154419,0.49666666984558105,,,,,,,,,,
0_0,8,2000,1,0,all,0.001422462727411311,-0.00024667519950272165,0.7493028044700623,0.7457535862922668,0.2475222796201706,0.7733104228973389,1.0208326578140259,0.5016666650772095,0.4983333349227905,0.4983333349227905,0.5016666650772095,0.0,0.4983333349227905,0.5016666650772095,0.9900662302970886,1.0,0.71484375,0.4296875,0.08984375,0.0234375,0.0,0.0,0.0,0.0
0_0,9,2000,0,0,all,0.0022364806616110844,0.009335406142467084,0.7573973536491394,0.7578596472740173,0.2576274275779724,0.7632045745849609,1.0208320617675781,0.5,0.5,0.5023333430290222,0.4976666569709778,0.0,0.5023333430290222,0.4976666569709778,,,,,,,,,,
0_0,9,2000,1,0,all,0.0022364806616110844,0.009335406142467084,0.7601606249809265,0.7591807842254639,0.25967103242874146,0.761162281036377,1.0208332538604736,0.5011667013168335,0.4988333284854889,0.500333309173584,0.49966666102409363,0.0,0.500333309173584,0.49966666102409363,0.9960185885429382,1.0,0.67578125,0.390625,0.07421875,0.01953125,0.0,0.0,0.0,0.0
0_1,0,2000,0,0,all,0.004165072968347117,0.0009610392336379947,0.7610716819763184,0.750182569026947,0.2558884620666504,0.8099045753479004,1.0657930374145508,0.6000000238418579,0.4000000059604645,0.5239999890327454,0.47599998116493225,0.0,0.5239999890327454,0.47599998116493225,,,0.62890625,0.35546875,0.0703125,0.015625,1.0,1.0,0.0,0.0
0_1,1,2000,0,0,all,0.005697807153900891,0.0025711730534099253,0.7574470043182373,0.7487219572067261,0.25321826338768005,0.812598705291748,1.0658169984817505,0.6000000238418579,0.4000000059604645,0.515333354473114,0.4846666753292084,0.0,0.515333354473114,0.4846666753292084,,,0.62890625,0.359375,0.0703125,0.01953125,1.0,1.0,0.0,0.0
0_1,2,2000,0,0,all,-0.003031158954977853,0.005124255788603316,0.7516449689865112,0.7410869002342224,0.246619313955307,0.8191736936569214,1.0657930374145508,0.6000000238418579,0.4000000059604645,0.5239999890327454,0.47599998116493225,0.0,0.5239999890327454,0.47599998116493225,,,0.66015625,0.36328125,0.07421875,0.0234375,1.0,1.0,0.0,0.0
0_1,3,2000,0,0,all,-0.0007970409237583187,-0.001111612541972562,0.7586895227432251,0.7495121359825134,0.2542874217033386,0.8115170001983643,1.0658044815063477,0.6000000238418579,0.4000000059604645,0.5203333497047424,0.47966665029525757,0.0,0.5203333497047424,0.47966665029525757,,,0.65234375,0.34375,0.0703125,0.0234375,1.0,1.0,0.0,0.0
0_1,4,2000,0,0,all,-0.0007570570041903757,0.0015554988905910339,0.7459477782249451,0.7363905906677246,0.24135076999664307,0.8244573473930359,1.0658080577850342,0.6000000238418579,0.4000000059604645,0.5189999938011169,0.48100000619888306,0.0,0.5189999938011169,0.48100000619888306,,,0.6640625,0.39453125,0.08203125,0.0234375,1.0,1.0,0.0,0.0
0_1,5,2000,0,0,all,0.0023633554216676567,-0.0005973222292960934,0.7524228096008301,0.7463111877441406,0.24942812323570251,0.8163982629776001,1.065826416015625,0.6000000238418579,0.4000000059604645,0.5099999904632568,0.49000000953674316,0.0,0.5099999904632568,0.49000000953674316,,,0.625,0.37890625,0.0703125,0.0234375,1.0,1.0,0.0,0.0
0_1,6,2000,0,0,all,-0.0005259980952465604,0.003091816037009365,0.7455920577049255,0.7395634651184082,0.2426782250404358,0.8231356739997864,1.0658138990402222,0.6000000238418579,0.4000000059604645,0.5166666507720947,0.4833333194255829,0.0,0.5166666507720947,0.4833333194255829,,,0.65234375,0.38671875,0.08203125,0.0234375,1.0,1.0,0.0,0.0
0_1,7,2000,0,0,all,0.00831786671921353,-0.005756113035959798,0.7487243413925171,0.7429205775260925,0.24588049948215485,0.8199459314346313,1.065826416015625,0.6000000238418579,0.4000000059604645,0.5099999904632568,0.49000000953674316,0.0,0.5099999904632568,0.49000000953674316,,,0.65234375,0.37109375,0.078125,0.01953125,1.0,1.0,0.0,0.0
0_1,8,2000,0,0,all,0.003086303053218664,-0.002876218403884412,0.7507084012031555,0.7401404976844788,0.24564990401268005,0.820151686668396,1.0658016204833984,0.6000000238418579,0.4000000059604645,0.5213333368301392,0.47866666316986084,0.0,0.5213333368301392,0.47866666316986084,,,0.6640625,0.3828125,0.0703125,0.01953125,1.0,1.0,0.0,0.0
0_1,9,2000,0,0,all,0.004363877183782172,-0.0031141678189292588,0.7626495361328125,0.7525205612182617,0.25770658254623413,0.8081166744232178,1.0658233165740967,0.6000000238418579,0.4000000059604645,0.5119999647140503,0.4880000054836273,0.0,0.5119999647140503,0.4880000054836273,,,0.64453125,0.34375,0.0703125,0.015625,1.0,1.0,0.0,0.0
0_2,0,2000,0,0,all,0.0050132980733497146,-0.002975388712685323,0.7253802418708801,0.725974440574646,0.22567299008369446,0.8401566743850708,1.0658296346664429,0.5,0.5,0.5073333382606506,0.49266666173934937,0.0,0.5073333382606506,0.49266666173934937,,,,,,,,,,
0_2,0,2000,1,0,all,0.0050132980733497146,-0.002975388712685323,0.7590140104293823,0.755622386932373,0.25732722878456116,0.8085055351257324,1.0658327341079712,0.5036666393280029,0.4963333308696747,0.5026666522026062,0.4973333179950714,0.0,0.5026666522026062,0.4973333179950714,0.9908015727996826,0.9999999403953552,0.65625,0.40625,0.08203125,0.0234375,0.0,0.0,0.0,0.0
0_2,1,2000,0,0,all,0.0056943329187167935,-0.0001649987668579378,0.7224915623664856,0.7240807414054871,0.2232840359210968,0.842549204826355,1.0658332109451294,0.5,0.5,0.5013333559036255,0.4986666738986969,0.0,0.5013333559036255,0.4986666738986969,,,,,,,,,,
0_2,1,2000,1,0,all,0.0056943329187167935,-0.0001649987668579378,0.7553078532218933,0.754828691482544,0.25506794452667236,0.8107653856277466,1.065833330154419,0.5006666779518127,0.49933332204818726,0.49933332204818726,0.5006666779518127,0.0,0.49933332204818726,0.5006666779518127,0.9960106015205383,1.0,0.64453125,0.41796875,0.0859375,0.02734375,0.0,0.0,0.0,0.0
0_2,2,2000,0,0,all,-0.001706193535765399,0.0026930218797256433,0.7166556119918823,0.7165740728378296,0.21661552786827087,0.8492130041122437,1.065828561782837,0.5,0.5,0.5083333253860474,0.49166667461395264,0.0,0.5083333253860474,0.49166667461395264,,,,,,,,,,
0_2,2,2000,1,0,all,-0.001706193535765399,0.0026930218797256433,0.7500429749488831,0.7466953992843628,0.24837924540042877,0.8174535036087036,1.0658327341079712,0.5041666626930237,0.4958333373069763,0.503000020980835,0.4970000088214874,0.0,0.503000020980835,0.4970000088214874,0.9895082116127014,1.0,0.6953125,0.41796875,0.10546875,0.02734375,0.0,0.0,0.0,0.0
0_2,3,2000,0,0,all,0.003222614061178408,-3.2069666933365326e-05,0.7239886522293091,0.7248939871788025,0.22443920373916626,0.841393768787384,1.0658329725265503,0.5,0.5,0.5023333430290222,0.4976666569709778,0.0,0.5023333430290222,0.4976666569709778,,,,,,,,,,
0_2,3,2000,1,0,all,0.003222614061178408,-3.2069666933365326e-05,0.756249189376831,0.7562402486801147,0.2562447190284729,0.8095885515213013,1.065833330154419,0.5011667013168335,0.4988333284854889,0.5013333559036255,0.4986666738986969,0.0,0.5013333559036255,0.4986666738986969,0.9980093240737915,1.0,0.6796875,0.3984375,0.08984375,0.01953125,0.0,0.0,0.0,0.0
0_2,4,2000,0,0,all,-0.0014386655023439499,0.0015776379127050433,0.7115734219551086,0.7118136882781982,0.2116926610469818,0.8541396856307983,1.0658323764801025,0.5,0.5,0.5036666393280029,0.4963333308696747,0.0,0.5036666393280029,0.4963333308696747,,,,,,,,,,
0_2,4,2000,1,0,all,-0.0014386655023439499,0.0015776379127050433,0.7448869943618774,0.7423034310340881,0.2435934841632843,0.822239875793457,1.065833330154419,0.5018333196640015,0.49816668033599854,0.49933332204818726,0.5006666779518127,0.0,0.49933332204818726,0.5006666779518127,0.991396427154541,1.0,0.70703125,0.44140625,0.109375,0.02734375,0.0,0.0,0.0,0.0
0_2,5,2000,0,0,all,-0.0013641356101374846,0.00025438457687865235,0.7185304164886475,0.7216363549232483,0.22010409832000732,0.8457261919975281,1.0658302307128906,0.5,0.5,0.4933333396911621,0.5066666603088379,0.0,0.4933333396911621,0.5066666603088379,,,,,,,,,,
0_2,5,2000,1,0,all,-0.0013641356101374846,0.00025438457687865235,0.7501289248466492,0.7535021901130676,0.2518380582332611,0.8139922022819519,1.0658302307128906,0.49666666984558105,0.503333330154419,0.4933333396911621,0.5066666603088379,0.0,0.4933333396911621,0.5066666603088379,1.0,1.0,0.67578125,0.41796875,0.08203125,0.015625,0.0,0.0,0.0,0.0
0_2,6,2000,0,0,all,-0.0006484188259126,-0.0011557793919263482,0.7118811011314392,0.7148347496986389,0.213367760181427,0.8524647951126099,1.0658326148986816,0.5,0.5,0.49666666984558105,0.503333330154419,0.0,0.49666666984558105,0.503333330154419,,,,,,,,,,
0_2,6,2000,1,0,all,-0.0006484188259126,-0.0011557793919263482,0.7443435192108154,0.7459590435028076,0.24516475200653076,0.8206637501716614,1.065828561782837,0.4983333349227905,0.5016666650772095,0.49166667461395264,0.5083333253860474,0.0,0.49166667461395264,0.5083333253860474,0.9899329543113708,1.0,0.68359375,0.41796875,0.1171875,0.02734375,0.0,0.0,0.0,0.0
0_2,7,2000,0,0,all,0.0018065170259401464,-0.0040398391413623,0.7148813605308533,0.718161940574646,0.21654024720191956,0.8492908477783203,1.0658310651779175,0.5,0.5,0.49433332681655884,0.5056666731834412,0.0,0.49433332681655884,0.5056666731834412,,,,,,,,,,
0_2,7,2000,1,0,all,0.0018065170259401464,-0.0040398391413623,0.7470954656600952,0.7498811483383179,0.24850594997406006,0.8173246383666992,1.0658305883407593,0.4971666634082794,0.502833366394043,0.4936666488647461,0.5063333511352539,0.0,0.4936666488647461,0.5063333511352539,0.9986514449119568,1.0,0.6875,0.41015625,0.1015625,0.01953125,0.0,0.0,0.0,0.0
0_2,8,2000,0,0,all,0.0016899551973029725,-0.002672681342192895,0.7156308889389038,0.715451717376709,0.21554219722747803,0.8502894639968872,1.0658316612243652,0.5,0.5,0.5049999952316284,0.4950000047683716,0.0,0.5049999952316284,0.4950000047683716,,,,,,,,,,
0_2,8,2000,1,0,all,0.0016899551973029725,-0.002672681342192895,0.7491463422775269,0.7455141544342041,0.24732542037963867,0.8185079097747803,1.065833330154419,0.5024999976158142,0.4975000023841858,0.4986666738986969,0.5013333559036255,0.0,0.4986666738986969,0.5013333559036255,0.9874587655067444,0.9999999403953552,0.703125,0.453125,0.09765625,0.02734375,0.0,0.0,0.0,0.0
0_2,9,2000,0,0,all,0.00030369840607158416,0.0052858567058585715,0.7273894548416138,0.7281666398048401,0.2277759611606598,0.8380568027496338,1.0658327341079712,0.5,0.5,0.5026666522026062,0.4973333179950714,0.0,0.5026666522026062,0.4973333179950714,,,,,,,,,,
0_2,9,2000,1,0,all,0.00030369840607158416,0.0052858567058585715,0.7599244713783264,0.7589996457099915,0.25946298241615295,0.8063703775405884,1.065833330154419,0.5013333559036255,0.4986666440963745,0.5009999871253967,0.4989999830722809,0.0,0.5009999871253967,0.4989999830722809,0.9966843128204346,1.0,0.65625,0.39453125,0.07421875,0.0234375,0.0,0.0,0.0,0.0
0_3,0,2000,0,0,all,0.07020819776376352,0.05558198942113668,0.6468280553817749,0.645832359790802,0.14633485674858093,0.8744930624961853,1.0208278894424438,0.5,0.5,0.5046666860580444,0.49533331394195557,0.0,0.5046666860580444,0.49533331394195557,,,,,,,,,,
0_3,0,2000,1,0,all,0.07020819776376352,0.05558198942113668,0.9141510725021362,0.9132986068725586,0.41372883319854736,0.6070991158485413,1.0208280086517334,0.5023333430290222,0.4976666569709778,0.5046666860580444,0.49533331394195557,0.0,0.5046666860580444,0.49533331394195557,1.0,1.0,0.51171875,0.2109375,0.0234375,0.00390625,0.0,0.0,0.0,0.0
0_3,1,2000,0,0,all,0.0766335935175001,0.05910231125830767,0.6461439728736877,0.6453051567077637,0.14572346210479736,0.8751094937324524,1.0208330154418945,0.5,0.5,0.4986666738986969,0.5013333559036255,0.0,0.4986666738986969,0.5013333559036255,,,,,,,,,,
0_3,1,2000,1,0,all,0.0766335935175001,0.05910231125830767,0.908416748046875,0.9147977828979492,0.411615788936615,0.6092171669006348,1.0208330154418945,0.49933332204818726,0.5006666779518127,0.4986666738986969,0.5013333559036255,0.0,0.4986666738986969,0.5013333559036255,1.0,0.9999999403953552,0.50390625,0.2109375,0.03125,0.00390625,0.0,0.0,0.0,0.0
0_3,2,2000,0,0,all,0.08682067823171646,0.05596864402534962,0.6433562636375427,0.641086757183075,0.1422305852174759,0.8785988092422485,1.020829439163208,0.5,0.5,0.5040000081062317,0.4959999918937683,0.0,0.5040000081062317,0.4959999918937683,,,,,,,,,,
0_3,2,2000,1,0,all,0.08682067823171646,0.05596864402534962,0.8975141644477844,0.9025958776473999,0.40003469586372375,0.6207946538925171,1.0208293199539185,0.5019999742507935,0.49799999594688416,0.5040000081062317,0.4959999918937683,0.0,0.5040000081062317,0.4959999918937683,0.9999999403953552,1.0,0.55859375,0.2109375,0.03125,0.00390625,0.0,0.0,0.0,0.0
0_3,3,2000,0,0,all,0.07111952863626159,0.058872697398158036,0.6453471779823303,0.6445925235748291,0.14496934413909912,0.8758639097213745,1.0208332538604736,0.5,0.5,0.49933332204818726,0.5006666779518127,0.0,0.49933332204818726,0.5006666779518127,,,,,,,,,,
0_3,3,2000,1,0,all,0.07111952863626159,0.058872697398158036,0.9112114906311035,0.9131878614425659,0.4122009873390198,0.6086322665214539,1.0208332538604736,0.49966666102409363,0.500333309173584,0.49933332204818726,0.5006666779518127,0.0,0.49933332204818726,0.5006666779518127,1.0,0.9999999403953552,0.53515625,0.20703125,0.02734375,0.00390625,0.0,0.0,0.0,0.0
0_3,4,2000,0,0,all,0.08548723900924127,0.060585603728455006,0.6402403712272644,0.637851357460022,0.13904348015785217,0.8817896246910095,1.020833134651184,0.5,0.5,0.4989999830722809,0.5009999871253967,0.0,0.4989999830722809,0.5009999871253967,,,,,,,,,,
0_3,4,2000,1,0,all,0.08548723900924127,0.060585603728455006,0.8842061161994934,0.8902023434638977,0.3872102200984955,0.6336228847503662,1.020833134651184,0.49949997663497925,0.500499963760376,0.4989999830722809,0.5009999871253967,0.0,0.4989999830722809,0.5009999871253967,1.0,0.9999999403953552,0.5859375,0.234375,0.03125,0.00390625,0.0,0.0,0.0,0.0
0_3,5,2000,0,0,all,0.09453288686912109,0.05221773400150498,0.6431213617324829,0.6439184546470642,0.14352813363075256,0.8772784471511841,1.0208065509796143,0.5,0.5,0.4896666705608368,0.5103332996368408,0.0,0.4896666705608368,0.5103332996368408,,,,,,,,,,
0_3,5,2000,1,0,all,0.09453288686912109,0.05221773400150498,0.8945612907409668,0.9063436985015869,0.4005742073059082,0.6202324032783508,1.0208065509796143,0.4948333501815796,0.5051666498184204,0.4896666705608368,0.5103332996368408,0.0,0.4896666705608368,0.5103332996368408,1.0,0.9999999403953552,0.55859375,0.21875,0.03125,0.00390625,0.0,0.0,0.0,0.0
0_3,6,2000,0,0,all,0.10567314159401653,0.0439653474829772,0.639904797077179,0.6409431099891663,0.14043259620666504,0.8803833723068237,1.0208159685134888,0.5,0.5,0.49166667461395264,0.5083333253860474,0.0,0.49166667461395264,0.5083333253860474,,,,,,,,,,
0_3,6,2000,1,0,all,0.10567314159401653,0.0439653474829772,0.8868462443351746,0.8988338708877563,0.392939954996109,0.6278760433197021,1.0208159685134888,0.4958333373069763,0.5041666626930237,0.49166667461395264,0.5083333253860474,0.0,0.49166667461395264,0.5083333253860474,1.0,1.0,0.56640625,0.23828125,0.03515625,0.00390625,0.0,0.0,0.0,0.0
0_3,7,2000,0,0,all,0.08377178559684317,0.05597724068735155,0.6407478451728821,0.6423936486244202,0.14158117771148682,0.8792421817779541,1.020823359489441,0.5,0.5,0.4936666488647461,0.5063333511352539,0.0,0.4936666488647461,0.5063333511352539,,,,,,,,,,
0_3,7,2000,1,0,all,0.08377178559684317,0.05597724068735155,0.8894029259681702,0.9005429744720459,0.3950434923171997,0.6257798671722412,1.020823359489441,0.49683332443237305,0.503166675567627,0.4936666488647461,0.5063333511352539,0.0,0.4936666488647461,0.5063333511352539,1.0,1.0,0.55859375,0.2109375,0.03515625,0.00390625,0.0,0.0,0.0,0.0
0_3,8,2000,0,0,all,0.06575892926107174,0.07101873192365393,0.6386578679084778,0.6376399993896484,0.1381523311138153,0.8826782703399658,1.0208306312561035,0.5,0.5,0.503333330154419,0.49666666984558105,0.0,0.503333330154419,0.49666666984558105,,,,,,,,,,
0_3,8,2000,1,0,all,0.06575892926107174,0.07101873192365393,0.8892554640769958,0.8835613131523132,0.3864273726940155,0.6344032287597656,1.0208306312561035,0.5016666650772095,0.4983333349227905,0.503333330154419,0.49666666984558105,0.0,0.503333330154419,0.49666666984558105,1.0,1.0,0.55859375,0.25390625,0.03515625,0.00390625,0.0,0.0,0.0,0.0
0_3,9,2000,0,0,all,0.0769496439197156,0.06297345200280413,0.647348165512085,0.6452897787094116,0.14631691575050354,0.8745161294937134,1.0208330154418945,0.5,0.5,0.4989999830722809,0.5009999871253967,0.0,0.4989999830722809,0.5009999871253967,,,,,,,,,,
0_3,9,2000,1,0,all,0.0769496439197156,0.06297345200280413,0.9155160784721375,0.9176819920539856,0.41660118103027344,0.6042318940162659,1.0208330154418945,0.49949997663497925,0.500499963760376,0.4989999830722809,0.5009999871253967,0.0,0.4989999830722809,0.5009999871253967,1.0,0.9999999403953552,0.53515625,0.1953125,0.0234375,0.00390625,0.0,0.0,0.0,0.0
0_4,0,2000,0,0,all,0.13038651760231135,0.12828147271758084,0.4385424256324768,0.4390598237514496,-0.06120249629020691,1.1270322799682617,1.0658297538757324,0.5,0.5,0.5069999694824219,0.49300000071525574,0.0,0.5069999694824219,0.49300000071525574,,,,,,,,,,
0_4,0,2000,1,0,all,0.13038651760231135,0.12828147271758084,1.155735969543457,1.157602310180664,0.65665602684021,0.409173846244812,1.065829873085022,0.5034999847412109,0.49650001525878906,0.5069999694824219,0.49300000071525574,0.0,0.5069999694824219,0.49300000071525574,1.0,1.0,0.44921875,0.16796875,0.01171875,0.0,0.0,0.0,0.0,0.0
0_4,1,2000,0,0,all,0.1382323503630164,0.12005589535736105,0.43555083870887756,0.43651074171066284,-0.0639692097902298,1.1298025846481323,1.065833330154419,0.5,0.5,0.5,0.5,0.0,0.5,0.5,,,,,,,,,,
0_4,1,2000,1,0,all,0.1382323503630164,0.12005589535736105,1.1533942222595215,1.1617437601089478,0.6575689911842346,0.4082643985748291,1.065833330154419,0.5,0.5,0.5,0.5,0.0,0.5,0.5,1.0,1.0,0.46484375,0.171875,0.01171875,0.0,0.0,0.0,0.0,0.0
0_4,2,2000,0,0,all,0.13992346503331377,0.12459529551348636,0.43773046135902405,0.43746691942214966,-0.062399111688137054,1.128227710723877,1.065828561782837,0.5,0.5,0.5083333253860474,0.49166667461395264,0.0,0.5083333253860474,0.49166667461395264,,,,,,,,,,
0_4,2,2000,1,0,all,0.13992346503331377,0.12459529551348636,1.1336442232131958,1.1388847827911377,0.6362208127975464,0.42960765957832336,1.0658284425735474,0.5041666626930237,0.4958333373069763,0.5083333253860474,0.49166667461395264,0.0,0.5083333253860474,0.49166667461395264,1.0,1.0,0.51171875,0.18359375,0.015625,0.0,0.0,0.0,0.0,0.0
0_4,3,2000,0,0,all,0.13550736108912453,0.12161392491961898,0.4338083863258362,0.4346076250076294,-0.06579385697841644,1.131626844406128,1.0658329725265503,0.5,0.5,0.5023333430290222,0.4976666569709778,0.0,0.5023333430290222,0.4976666569709778,,,,,,,,,,
0_4,3,2000,1,0,all,0.13550736108912453,0.12161392491961898,1.1589381694793701,1.1657676696777344,0.6623369455337524,0.40349602699279785,1.0658329725265503,0.5011667013168335,0.4988333284854889,0.5023333430290222,0.4976666569709778,0.0,0.5023333430290222,0.4976666569709778,1.0,1.0,0.51953125,0.171875,0.01171875,0.0,0.0,0.0,0.0,0.0
0_4,4,2000,0,0,all,0.1443085307144807,0.1389188725580548,0.44118738174438477,0.441123366355896,-0.05884440988302231,1.1246769428253174,1.065832495689392,0.5,0.5,0.503333330154419,0.49666666984558105,0.0,0.503333330154419,0.49666666984558105,,,,,,,,,,
0_4,4,2000,1,0,all,0.1443085307144807,0.1389188725580548,1.1073518991470337,1.108654260635376,0.6079987287521362,0.457833856344223,1.0658326148986816,0.5016666650772095,0.4983333349227905,0.503333330154419,0.49666666984558105,0.0,0.503333330154419,0.49666666984558105,1.0,1.0,0.546875,0.19921875,0.015625,0.0,0.0,0.0,0.0,0.0
0_4,5,2000,0,0,all,0.15410023412451734,0.11273862645859567,0.43443045020103455,0.43752703070640564,-0.06400062143802643,1.1298308372497559,1.0658302307128906,0.5,0.5,0.4933333396911621,0.5066666603088379,0.0,0.4933333396911621,0.5066666603088379,,,,,,,,,,
0_4,5,2000,1,0,all,0.15410023412451734,0.11273862645859567,1.1288518905639648,1.1424925327301025,0.6357631683349609,0.43006712198257446,1.0658302307128906,0.49666666984558105,0.503333330154419,0.4933333396911621,0.5066666603088379,0.0,0.4933333396911621,0.5066666603088379,1.0,1.0,0.50390625,0.18359375,0.01171875,0.0,0.0,0.0,0.0,0.0
0_4,6,2000,0,0,all,0.149689447699776,0.12006357644608134,0.43501734733581543,0.4385881721973419,-0.06319010257720947,1.1290230751037598,1.0658329725265503,0.5,0.5,0.49799999594688416,0.5019999742507935,0.0,0.49799999594688416,0.5019999742507935,,,,,,,,,,
0_4,6,2000,1,0,all,0.149689447699776,0.12006357644608134,1.119094729423523,1.1285514831542969,0.6238420009613037,0.44199109077453613,1.0658330917358398,0.49900001287460327,0.5009999871253967,0.49799999594688416,0.5019999742507935,0.0,0.49799999594688416,0.5019999742507935,1.0,1.0,0.51171875,0.1875,0.015625,0.0,0.0,0.0,0.0,0.0
0_4,7,2000,0,0,all,0.14218891510507936,0.12306941865587862,0.4350965917110443,0.4397503435611725,-0.06255326420068741,1.1283848285675049,1.0658315420150757,0.5,0.5,0.4950000047683716,0.5049999952316284,0.0,0.4950000047683716,0.5049999952316284,,,,,,,,,,
0_4,7,2000,1,0,all,0.14218891510507936,0.12306941865587862,1.1186113357543945,1.1306767463684082,0.6247043609619141,0.4411272406578064,1.0658316612243652,0.4975000023841858,0.5024999976158142,0.4950000047683716,0.5049999952316284,0.0,0.4950000047683716,0.5049999952316284,0.9999999403953552,1.0,0.51953125,0.17578125,0.01171875,0.0,0.0,0.0,0.0,0.0
0_4,8,2000,0,0,all,0.1485074125170045,0.12660203012539162,0.44493260979652405,0.44403496384620667,-0.0555129200220108,1.1213452816009521,1.0658323764801025,0.5,0.5,0.5036666393280029,0.4963333308696747,0.0,0.5036666393280029,0.4963333308696747,,,,,,,,,,
0_4,8,2000,1,0,all,0.1485074125170045,0.12660203012539162,1.1054571866989136,1.1093425750732422,0.6073856353759766,0.45844680070877075,1.0658323764801025,0.5018333196640015,0.49816668033599854,0.5036666393280029,0.4963333308696747,0.0,0.5036666393280029,0.4963333308696747,1.0,1.0,0.5390625,0.19921875,0.01171875,0.0,0.0,0.0,0.0,0.0
0_4,9,2000,0,0,all,0.12575275968153732,0.1218475879777069,0.43755266070365906,0.43658339977264404,-0.06293164193630219,1.1287649869918823,1.065833330154419,0.5,0.5,0.500333309173584,0.49966666102409363,0.0,0.500333309173584,0.49966666102409363,,,,,,,,,,
0_4,9,2000,1,0,all,0.12575275968153732,0.1218475879777069,1.1635198593139648,1.166801929473877,0.6651598215103149,0.4006735682487488,1.065833330154419,0.500166654586792,0.499833345413208,0.500333309173584,0.49966666102409363,0.0,0.500333309173584,0.49966666102409363,1.0,1.0,0.48828125,0.16796875,0.01171875,0.0,0.0,0.0,0.0,0.0
0_5,0,2000,0,0,all,0.13675039250089305,0.11440919287496476,0.4482247233390808,0.43124502897262573,-0.060112304985523224,1.1259400844573975,1.06582772731781,0.6000000238418579,0.4000000059604645,0.5090000033378601,0.4909999966621399,0.0,0.5090000033378601,0.4909999966621399,,,,,,,,,,
0_5,0,2000,1,0,all,0.13675039250089305,0.11440919287496476,1.1698063611984253,1.1638096570968628,0.6668620109558105,0.3989657163619995,1.06582772731781,0.5544999837875366,0.4455000162124634,0.5090000033378601,0.4909999966621399,0.0,0.5090000033378601,0.4909999966621399,1.0,0.9999999403953552,0.45703125,0.171875,0.01171875,0.0,1.0,0.0,0.0,0.0
0_5,1,2000,0,0,all,0.13740618526356307,0.11391491343875526,0.44961613416671753,0.43332037329673767,-0.05851002037525177,1.1243433952331543,1.065833330154419,0.6000000238418579,0.4000000059604645,0.5013333559036255,0.4986666738986969,0.0,0.5013333559036255,0.4986666738986969,,,,,,,,,,
0_5,1,2000,1,0,all,0.13740618526356307,0.11391491343875526,1.1619075536727905,1.1626651287078857,0.662285327911377,0.4035479426383972,1.065833330154419,0.5506666898727417,0.4493333399295807,0.5013333559036255,0.4986666738986969,0.0,0.5013333559036255,0.4986666738986969,0.9999999403953552,1.0,0.45703125,0.17578125,0.01171875,0.0,1.0,0.0,0.0,0.0
0_5,2,2000,0,0,all,0.13260313724872075,0.12905741390591485,0.45026451349258423,0.43295204639434814,-0.05821859836578369,1.1240448951721191,1.0658262968063354,0.6000000238418579,0.4000000059604645,0.5099999904632568,0.49000000953674316,0.0,0.5099999904632568,0.49000000953674316,,,,,,,,,,
0_5,2,2000,1,0,all,0.13260313724872075,0.12905741390591485,1.1453170776367188,1.1396799087524414,0.6425548791885376,0.4232714772224426,1.065826416015625,0.5550000071525574,0.4449999928474426,0.5099999904632568,0.49000000953674316,0.0,0.5099999904632568,0.49000000953674316,1.0,1.0,0.51953125,0.1796875,0.01171875,0.0,1.0,0.0,0.0,0.0
0_5,3,2000,0,0,all,0.13858533859187405,0.11677226144285946,0.44699931144714355,0.4307023882865906,-0.06110569089651108,1.1269385814666748,1.0658328533172607,0.6000000238418579,0.4000000059604645,0.5026666522026062,0.4973333179950714,0.0,0.5026666522026062,0.4973333179950714,,,,,,,,,,
0_5,3,2000,1,0,all,0.13858533859187405,0.11677226144285946,1.1659574508666992,1.1653244495391846,0.6656426191329956,0.40019023418426514,1.0658328533172607,0.5513333082199097,0.44866666197776794,0.5026666522026062,0.4973333179950714,0.0,0.5026666522026062,0.4973333179950714,1.0,1.0,0.50390625,0.1640625,0.01171875,0.0,1.0,0.0,0.0,0.0
0_5,4,2000,0,0,all,0.13308187175531572,0.13081382971944344,0.4499175250530243,0.43296149373054504,-0.05847005546092987,1.1243014335632324,1.0658314228057861,0.6000000238418579,0.4000000059604645,0.5053333044052124,0.4946666657924652,0.0,0.5053333044052124,0.4946666657924652,,,,,,,,,,
0_5,4,2000,1,0,all,0.13308187175531572,0.13081382971944344,1.1223475933074951,1.1163846254348755,0.6193978786468506,0.44643348455429077,1.0658314228057861,0.5526666641235352,0.44733333587646484,0.5053333044052124,0.4946666657924652,0.0,0.5053333044052124,0.4946666657924652,1.0,1.0,0.55078125,0.20703125,0.01953125,0.0,1.0,0.0,0.0,0.0
0_5,5,2000,0,0,all,0.14323271941539517,0.11764919269257923,0.4465067982673645,0.4332227110862732,-0.0602060928940773,1.1260374784469604,1.0658314228057861,0.6000000238418579,0.4000000059604645,0.4946666657924652,0.5053333044052124,0.0,0.4946666657924652,0.5053333044052124,,,,,,,,,,
0_5,5,2000,1,0,all,0.14323271941539517,0.11764919269257923,1.1358097791671753,1.1415600776672363,0.6387155652046204,0.427115797996521,1.0658314228057861,0.5473333597183228,0.45266664028167725,0.4946666657924652,0.5053333044052124,0.0,0.4946666657924652,0.5053333044052124,1.0,1.0,0.4921875,0.1875,0.01171875,0.0,0.0,0.0,0.0,0.0
0_5,6,2000,0,0,all,0.14826173628631212,0.11745871146794507,0.4501030445098877,0.436924546957016,-0.05649498850107193,1.122328281402588,1.065833330154419,0.6000000238418579,0.4000000059604645,0.49933332204818726,0.5006666779518127,0.0,0.49933332204818726,0.5006666779518127,,,,,,,,,,
0_5,6,2000,1,0,all,0.14826173628631212,0.11745871146794507,1.1281569004058838,1.1304601430892944,0.6293100118637085,0.43652331829071045,1.065833330154419,0.5496666431427002,0.4503333568572998,0.49933332204818726,0.5006666779518127,0.0,0.49933332204818726,0.5006666779518127,1.0,0.9999999403953552,0.51171875,0.1953125,0.015625,0.0,0.0,0.0,0.0,0.0
0_5,7,2000,0,0,all,0.14120745437726612,0.11547838746974048,0.44487354159355164,0.4326859712600708,-0.061268992722034454,1.127101182937622,1.0658321380615234,0.6000000238418579,0.4000000059604645,0.4959999918937683,0.5040000081062317,0.0,0.4959999918937683,0.5040000081062317,,,,,,,,,,
0_5,7,2000,1,0,all,0.14120745437726612,0.11547838746974048,1.1297762393951416,1.1350152492523193,0.6324167251586914,0.4334155321121216,1.065832257270813,0.5479999780654907,0.4520000219345093,0.4959999918937683,0.5040000081062317,0.0,0.4959999918937683,0.5040000081062317,1.0,0.9999999403953552,0.51953125,0.1875,0.015625,0.0,0.0,0.0,0.0,0.0
0_5,8,2000,0,0,all,0.14107624319883783,0.12078480485827958,0.4501398801803589,0.4321608543395996,-0.05875374376773834,1.1245851516723633,1.0658314228057861,0.6000000238418579,0.4000000059604645,0.5053333044052124,0.4946666657924652,0.0,0.5053333044052124,0.4946666657924652,,,,,,,,,,
0_5,8,2000,1,0,all,0.14107624319883783,0.12078480485827958,1.1218881607055664,1.1184405088424683,0.6201827526092529,0.4456486701965332,1.0658314228057861,0.5526666641235352,0.44733333587646484,0.5053333044052124,0.4946666657924652,0.0,0.5053333044052124,0.4946666657924652,1.0,1.0,0.546875,0.20703125,0.01171875,0.0,1.0,0.0,0.0,0.0
0_5,9,2000,0,0,all,0.12447988392172993,0.10948271650956531,0.4489203095436096,0.43074214458465576,-0.06013241410255432,1.1259653568267822,1.0658329725265503,0.6000000238418579,0.4000000059604645,0.5019999742507935,0.49799999594688416,0.0,0.5019999742507935,0.49799999594688416,,,,,,,,,,
0_5,9,2000,1,0,all,0.12447988392172993,0.10948271650956531,1.1710121631622314,1.170090675354004,0.6705532073974609,0.39527982473373413,1.0658330917358398,0.5509999990463257,0.4490000009536743,0.5019999742507935,0.49799999594688416,0.0,0.5019999742507935,0.49799999594688416,1.0,1.0,0.484375,0.15625,0.01171875,0.0,1.0,0.0,0.0,0.0